[
  {
    "name": "Dr. Priya Ghosh",
    "specialty": "Cardiology",
    "lat": 28.723083849248376,
    "lng": 77.11890236059368,
    "city": "Delhi"
  },
  {
    "name": "Dr. Sneha Kulkarni",
    "specialty": "Cardiology",
    "lat": 19.070838915924448,
    "lng": 72.88507116738158,
    "city": "Mumbai"
  },
  {
    "name": "Dr. Nidhi Mehta",
    "specialty": "Cardiology",
    "lat": 19.066555277331073,
    "lng": 72.89761228095426,
    "city": "Mumbai"
  },
  {
    "name": "Dr. Nirmala Kulkarni",
    "specialty": "Cardiology",
    "lat": 26.84353278099237,
    "lng": 80.93800091661076,
    "city": "Lucknow"
  },
  {
    "name": "Dr. Sayan Shah",
    "specialty": "Cardiology",
    "lat": 22.573693137012018,
    "lng": 88.37913826250103,
    "city": "Kolkata"
  },
  {
    "name": "Dr. Sneha Mehta",
    "specialty": "Cardiology",
    "lat": 26.854575757011737,
    "lng": 80.9568653109749,
    "city": "Lucknow"
  },
  {
    "name": "Dr. Manish Das",
    "specialty": "Cardiology",
    "lat": 18.507758643975944,
    "lng": 73.87069246770274,
    "city": "Pune"
  },
  {
    "name": "Dr. Anirban Verma",
    "specialty": "Cardiology",
    "lat": 13.070938179195956,
    "lng": 80.28030365498745,
    "city": "Chennai"
  },
  {
    "name": "Dr. Vikram Mehta",
    "specialty": "Cardiology",
    "lat": 26.86501709667587,
    "lng": 80.95075543565282,
    "city": "Lucknow"
  },
  {
    "name": "Dr. Aditi Das",
    "specialty": "Cardiology",
    "lat": 17.366092130079142,
    "lng": 78.50295851166881,
    "city": "Hyderabad"
  },
  {
    "name": "Dr. Priya Verma",
    "specialty": "Cardiology",
    "lat": 26.9100237579339,
    "lng": 75.7940958415558,
    "city": "Jaipur"
  },
  {
    "name": "Dr. Sayan Kulkarni",
    "specialty": "Cardiology",
    "lat": 28.723791304691474,
    "lng": 77.10675739635857,
    "city": "Delhi"
  },
  {
    "name": "Dr. Jay Kulkarni",
    "specialty": "Cardiology",
    "lat": 19.08735320337805,
    "lng": 72.86554970064857,
    "city": "Mumbai"
  },
  {
    "name": "Dr. Sunita Krishnan",
    "specialty": "Cardiology",
    "lat": 18.52389393533174,
    "lng": 73.84779582407295,
    "city": "Pune"
  },
  {
    "name": "Dr. Aditi Rao",
    "specialty": "Cardiology",
    "lat": 17.39784833046144,
    "lng": 78.4920832298909,
    "city": "Hyderabad"
  },
  {
    "name": "Dr. Nidhi Khan",
    "specialty": "Cardiology",
    "lat": 12.958778276982871,
    "lng": 77.58733673905812,
    "city": "Bengaluru"
  },
  {
    "name": "Dr. Sneha Mehta",
    "specialty": "Cardiology",
    "lat": 23.030183214564197,
    "lng": 72.55587186723281,
    "city": "Ahmedabad"
  },
  {
    "name": "Dr. Sayan Rao",
    "specialty": "Cardiology",
    "lat": 12.983126732675087,
    "lng": 77.60768388953193,
    "city": "Bengaluru"
  },
  {
    "name": "Dr. Anil Banerjee",
    "specialty": "Cardiology",
    "lat": 26.850965020747577,
    "lng": 80.94684519894382,
    "city": "Lucknow"
  },
  {
    "name": "Dr. Vikram Patel",
    "specialty": "Cardiology",
    "lat": 28.717704881232976,
    "lng": 77.11509639033422,
    "city": "Delhi"
  },
  {
    "name": "Dr. Manish Shah",
    "specialty": "Cardiology",
    "lat": 19.05879495041173,
    "lng": 72.85895160273064,
    "city": "Mumbai"
  },
  {
    "name": "Dr. Vikram Krishnan",
    "specialty": "Cardiology",
    "lat": 19.06443324160772,
    "lng": 72.86035797637983,
    "city": "Mumbai"
  },
  {
    "name": "Dr. Priya Ghosh",
    "specialty": "Cardiology",
    "lat": 26.90469040580963,
    "lng": 75.78782912890956,
    "city": "Jaipur"
  },
  {
    "name": "Dr. Rohan Mehta",
    "specialty": "Cardiology",
    "lat": 17.392501774510215,
    "lng": 78.48302074523866,
    "city": "Hyderabad"
  },
  {
    "name": "Dr. Meera Reddy",
    "specialty": "Cardiology",
    "lat": 22.586752496707792,
    "lng": 88.35014444655003,
    "city": "Kolkata"
  },
  {
    "name": "Dr. Latha Singh",
    "specialty": "Cardiology",
    "lat": 26.841234988671395,
    "lng": 80.94335479273053,
    "city": "Lucknow"
  },
  {
    "name": "Dr. Anirban Reddy",
    "specialty": "Cardiology",
    "lat": 28.68911189905644,
    "lng": 77.09248875574346,
    "city": "Delhi"
  },
  {
    "name": "Dr. Rajesh Singh",
    "specialty": "Cardiology",
    "lat": 13.095053046867577,
    "lng": 80.28089975801677,
    "city": "Chennai"
  },
  {
    "name": "Dr. Meera Chakraborty",
    "specialty": "Cardiology",
    "lat": 13.100014346718169,
    "lng": 80.2772097440204,
    "city": "Chennai"
  },
  {
    "name": "Dr. Sayan Das",
    "specialty": "Cardiology",
    "lat": 26.916910317794798,
    "lng": 75.79837610663353,
    "city": "Jaipur"
  },
  {
    "name": "Dr. Rita Ghosh",
    "specialty": "Cardiology",
    "lat": 13.080294870011029,
    "lng": 80.2656377698352,
    "city": "Chennai"
  },
  {
    "name": "Dr. Rajesh Ghosh",
    "specialty": "Cardiology",
    "lat": 17.38229554204379,
    "lng": 78.49276412878434,
    "city": "Hyderabad"
  },
  {
    "name": "Dr. Farheen Sengupta",
    "specialty": "Cardiology",
    "lat": 18.528813584185173,
    "lng": 73.8570996858396,
    "city": "Pune"
  },
  {
    "name": "Dr. Kavita Singh",
    "specialty": "Cardiology",
    "lat": 23.017849411150866,
    "lng": 72.55815727434167,
    "city": "Ahmedabad"
  },
  {
    "name": "Dr. Farheen Patel",
    "specialty": "Cardiology",
    "lat": 22.57373219157183,
    "lng": 88.34793002626063,
    "city": "Kolkata"
  },
  {
    "name": "Dr. Meera Ghosh",
    "specialty": "Cardiology",
    "lat": 26.841096112644482,
    "lng": 80.94382407884608,
    "city": "Lucknow"
  },
  {
    "name": "Dr. Latha Ghosh",
    "specialty": "Cardiology",
    "lat": 28.698913352795607,
    "lng": 77.12138955564006,
    "city": "Delhi"
  },
  {
    "name": "Dr. Rupal Chakraborty",
    "specialty": "Cardiology",
    "lat": 19.0840362112286,
    "lng": 72.87392632809966,
    "city": "Mumbai"
  },
  {
    "name": "Dr. Farheen Shah",
    "specialty": "Cardiology",
    "lat": 26.842245733760763,
    "lng": 80.95312848175696,
    "city": "Lucknow"
  },
  {
    "name": "Dr. Latha Patel",
    "specialty": "Cardiology",
    "lat": 17.402056741297205,
    "lng": 78.49772897308948,
    "city": "Hyderabad"
  },
  {
    "name": "Dr. Manish Sharma",
    "specialty": "Cardiology",
    "lat": 23.014139515838124,
    "lng": 72.56483551429429,
    "city": "Ahmedabad"
  },
  {
    "name": "Dr. Vikram Rao",
    "specialty": "Cardiology",
    "lat": 26.92618769691669,
    "lng": 75.79540155661931,
    "city": "Jaipur"
  },
  {
    "name": "Dr. Rita Sharma",
    "specialty": "Cardiology",
    "lat": 28.703955504818115,
    "lng": 77.11530682649637,
    "city": "Delhi"
  },
  {
    "name": "Dr. Anil Mehta",
    "specialty": "Cardiology",
    "lat": 12.988162221210466,
    "lng": 77.58434837796645,
    "city": "Bengaluru"
  },
  {
    "name": "Dr. Aditi Mehta",
    "specialty": "Cardiology",
    "lat": 26.91003687886339,
    "lng": 75.79974101339462,
    "city": "Jaipur"
  },
  {
    "name": "Dr. Farheen Verma",
    "specialty": "Cardiology",
    "lat": 26.919490896364806,
    "lng": 75.76846101571951,
    "city": "Jaipur"
  },
  {
    "name": "Dr. Anil Banerjee",
    "specialty": "Cardiology",
    "lat": 19.0582632273214,
    "lng": 72.86025382059748,
    "city": "Mumbai"
  },
  {
    "name": "Dr. Farheen Patel",
    "specialty": "Cardiology",
    "lat": 26.839179614616977,
    "lng": 80.95310936985919,
    "city": "Lucknow"
  },
  {
    "name": "Dr. Aditi Sharma",
    "specialty": "Cardiology",
    "lat": 13.077330630256343,
    "lng": 80.27852379352923,
    "city": "Chennai"
  },
  {
    "name": "Dr. Arjun Ghosh",
    "specialty": "Cardiology",
    "lat": 26.92990489676229,
    "lng": 75.78839667024472,
    "city": "Jaipur"
  },
  {
    "name": "Dr. Manish Sharma",
    "specialty": "Cardiology",
    "lat": 12.953756334461376,
    "lng": 77.58792359703226,
    "city": "Bengaluru"
  },
  {
    "name": "Dr. Farheen Ghosh",
    "specialty": "Cardiology",
    "lat": 12.971145086280874,
    "lng": 77.61292245761369,
    "city": "Bengaluru"
  },
  {
    "name": "Dr. Arjun Reddy",
    "specialty": "Cardiology",
    "lat": 18.513836712969756,
    "lng": 73.84578783143023,
    "city": "Pune"
  },
  {
    "name": "Dr. Rohan Singh",
    "specialty": "Cardiology",
    "lat": 18.51371120875706,
    "lng": 73.85846086824107,
    "city": "Pune"
  },
  {
    "name": "Dr. Hina Reddy",
    "specialty": "Cardiology",
    "lat": 18.51992881564106,
    "lng": 73.84455755359618,
    "city": "Pune"
  },
  {
    "name": "Dr. Nidhi Ghosh",
    "specialty": "Cardiology",
    "lat": 28.719336966912252,
    "lng": 77.12185843239232,
    "city": "Delhi"
  },
  {
    "name": "Dr. Anil Sengupta",
    "specialty": "Cardiology",
    "lat": 18.504713381494238,
    "lng": 73.84052691822103,
    "city": "Pune"
  },
  {
    "name": "Dr. Kavita Khan",
    "specialty": "Cardiology",
    "lat": 26.8973437134818,
    "lng": 75.78970834688157,
    "city": "Jaipur"
  },
  {
    "name": "Dr. Priya Sengupta",
    "specialty": "Cardiology",
    "lat": 26.897031069783214,
    "lng": 75.79026621666611,
    "city": "Jaipur"
  },
  {
    "name": "Dr. Rita Banerjee",
    "specialty": "Cardiology",
    "lat": 26.858450279943572,
    "lng": 80.96611240025979,
    "city": "Lucknow"
  },
  {
    "name": "Dr. Sneha Sengupta",
    "specialty": "Cardiology",
    "lat": 22.55442365192655,
    "lng": 88.38137290682596,
    "city": "Kolkata"
  },
  {
    "name": "Dr. Manish Banerjee",
    "specialty": "Cardiology",
    "lat": 18.52358370103247,
    "lng": 73.84461146795068,
    "city": "Pune"
  },
  {
    "name": "Dr. Farheen Verma",
    "specialty": "Dermatology",
    "lat": 22.59233838838053,
    "lng": 88.37607359540249,
    "city": "Kolkata"
  },
  {
    "name": "Dr. Ritu Mehta",
    "specialty": "Dermatology",
    "lat": 26.85239529400322,
    "lng": 80.94906128958178,
    "city": "Lucknow"
  },
  {
    "name": "Dr. Nirmala Das",
    "specialty": "Dermatology",
    "lat": 12.971949924995277,
    "lng": 77.57667369253775,
    "city": "Bengaluru"
  },
  {
    "name": "Dr. Jay Patel",
    "specialty": "Dermatology",
    "lat": 17.3967548015603,
    "lng": 78.48474044127666,
    "city": "Hyderabad"
  },
  {
    "name": "Dr. Anil Chakraborty",
    "specialty": "Dermatology",
    "lat": 18.515125120765685,
    "lng": 73.84318024787643,
    "city": "Pune"
  },
  {
    "name": "Dr. Farheen Ghosh",
    "specialty": "Dermatology",
    "lat": 28.712660712879483,
    "lng": 77.09911096976731,
    "city": "Delhi"
  },
  {
    "name": "Dr. Arjun Sharma",
    "specialty": "Dermatology",
    "lat": 22.559797280736195,
    "lng": 88.36105381010458,
    "city": "Kolkata"
  },
  {
    "name": "Dr. Aditi Rao",
    "specialty": "Dermatology",
    "lat": 22.592334320028435,
    "lng": 88.36593276005118,
    "city": "Kolkata"
  },
  {
    "name": "Dr. Anil Banerjee",
    "specialty": "Dermatology",
    "lat": 13.083186559226338,
    "lng": 80.27269291705102,
    "city": "Chennai"
  },
  {
    "name": "Dr. Rita Sengupta",
    "specialty": "Dermatology",
    "lat": 22.55716869053081,
    "lng": 88.36002431584399,
    "city": "Kolkata"
  },
  {
    "name": "Dr. Rohan Shah",
    "specialty": "Dermatology",
    "lat": 17.377784384886525,
    "lng": 78.4704060127569,
    "city": "Hyderabad"
  },
  {
    "name": "Dr. Manish Verma",
    "specialty": "Dermatology",
    "lat": 26.86319319945652,
    "lng": 80.95391570548058,
    "city": "Lucknow"
  },
  {
    "name": "Dr. Anirban Rao",
    "specialty": "Dermatology",
    "lat": 28.709090373653204,
    "lng": 77.10948281894574,
    "city": "Delhi"
  },
  {
    "name": "Dr. Nidhi Reddy",
    "specialty": "Dermatology",
    "lat": 26.916954908678875,
    "lng": 75.79945684134631,
    "city": "Jaipur"
  },
  {
    "name": "Dr. Aditi Shah",
    "specialty": "Dermatology",
    "lat": 22.583449310424797,
    "lng": 88.36275579637811,
    "city": "Kolkata"
  },
  {
    "name": "Dr. Vikram Verma",
    "specialty": "Dermatology",
    "lat": 26.851093919174367,
    "lng": 80.94228656566874,
    "city": "Lucknow"
  },
  {
    "name": "Dr. Rohan Verma",
    "specialty": "Dermatology",
    "lat": 26.9289449617219,
    "lng": 75.77637109760401,
    "city": "Jaipur"
  },
  {
    "name": "Dr. Priya Mehta",
    "specialty": "Dermatology",
    "lat": 18.502276820518222,
    "lng": 73.85253032541377,
    "city": "Pune"
  },
  {
    "name": "Dr. Meera Patel",
    "specialty": "Dermatology",
    "lat": 26.84556244878615,
    "lng": 80.96039692491674,
    "city": "Lucknow"
  },
  {
    "name": "Dr. Latha Sengupta",
    "specialty": "Dermatology",
    "lat": 26.848341820231365,
    "lng": 80.9634529879474,
    "city": "Lucknow"
  },
  {
    "name": "Dr. Sunita Reddy",
    "specialty": "Dermatology",
    "lat": 26.85230957395328,
    "lng": 80.93668165378062,
    "city": "Lucknow"
  },
  {
    "name": "Dr. Rajesh Banerjee",
    "specialty": "Dermatology",
    "lat": 18.517051591767224,
    "lng": 73.87124140940124,
    "city": "Pune"
  },
  {
    "name": "Dr. Nirmala Krishnan",
    "specialty": "Dermatology",
    "lat": 18.530407884617677,
    "lng": 73.8529440567829,
    "city": "Pune"
  },
  {
    "name": "Dr. Latha Das",
    "specialty": "Dermatology",
    "lat": 19.067173819508362,
    "lng": 72.86140639003143,
    "city": "Mumbai"
  },
  {
    "name": "Dr. Anil Chakraborty",
    "specialty": "Dermatology",
    "lat": 13.068809758062395,
    "lng": 80.28443250937237,
    "city": "Chennai"
  },
  {
    "name": "Dr. Nidhi Chakraborty",
    "specialty": "Dermatology",
    "lat": 22.575630127805045,
    "lng": 88.35536858049801,
    "city": "Kolkata"
  },
  {
    "name": "Dr. Sunita Sharma",
    "specialty": "Dermatology",
    "lat": 12.987874883413893,
    "lng": 77.59539819516021,
    "city": "Bengaluru"
  },
  {
    "name": "Dr. Priya Kulkarni",
    "specialty": "Dermatology",
    "lat": 13.065258587383918,
    "lng": 80.26297457011998,
    "city": "Chennai"
  },
  {
    "name": "Dr. Vikram Shah",
    "specialty": "Dermatology",
    "lat": 13.095546917845727,
    "lng": 80.2649157347387,
    "city": "Chennai"
  },
  {
    "name": "Dr. Sayan Sengupta",
    "specialty": "Dermatology",
    "lat": 13.08125433556463,
    "lng": 80.25855240166477,
    "city": "Chennai"
  },
  {
    "name": "Dr. Rita Shah",
    "specialty": "Dermatology",
    "lat": 13.101001112641926,
    "lng": 80.26859520465656,
    "city": "Chennai"
  },
  {
    "name": "Dr. Rita Shah",
    "specialty": "Dermatology",
    "lat": 26.906813694557744,
    "lng": 75.77913431539544,
    "city": "Jaipur"
  },
  {
    "name": "Dr. Meera Patel",
    "specialty": "Dermatology",
    "lat": 18.501285589595298,
    "lng": 73.84444870803293,
    "city": "Pune"
  },
  {
    "name": "Dr. Arjun Reddy",
    "specialty": "Dermatology",
    "lat": 18.51892532661313,
    "lng": 73.84142162043081,
    "city": "Pune"
  },
  {
    "name": "Dr. Rupal Ghosh",
    "specialty": "Dermatology",
    "lat": 28.68997120187042,
    "lng": 77.11082475930714,
    "city": "Delhi"
  },
  {
    "name": "Dr. Rajesh Sharma",
    "specialty": "Dermatology",
    "lat": 13.10077287989218,
    "lng": 80.25910324931282,
    "city": "Chennai"
  },
  {
    "name": "Dr. Rupal Khan",
    "specialty": "Dermatology",
    "lat": 17.375497245869266,
    "lng": 78.49847427655408,
    "city": "Hyderabad"
  },
  {
    "name": "Dr. Aditi Patel",
    "specialty": "Dermatology",
    "lat": 28.695140063175714,
    "lng": 77.10622195222913,
    "city": "Delhi"
  },
  {
    "name": "Dr. Priya Krishnan",
    "specialty": "Dermatology",
    "lat": 28.690382686053358,
    "lng": 77.08909774688239,
    "city": "Delhi"
  },
  {
    "name": "Dr. Rohan Verma",
    "specialty": "Dermatology",
    "lat": 23.005896437909296,
    "lng": 72.56916447836086,
    "city": "Ahmedabad"
  },
  {
    "name": "Dr. Nirmala Rao",
    "specialty": "Dermatology",
    "lat": 26.92349631675501,
    "lng": 75.79407388436513,
    "city": "Jaipur"
  },
  {
    "name": "Dr. Anil Mehta",
    "specialty": "Dermatology",
    "lat": 28.709700499191296,
    "lng": 77.1158959824395,
    "city": "Delhi"
  },
  {
    "name": "Dr. Hina Krishnan",
    "specialty": "Dermatology",
    "lat": 26.896533465509965,
    "lng": 75.78142719289798,
    "city": "Jaipur"
  },
  {
    "name": "Dr. Sneha Singh",
    "specialty": "Dermatology",
    "lat": 18.502375605765973,
    "lng": 73.83798016208914,
    "city": "Pune"
  },
  {
    "name": "Dr. Hina Reddy",
    "specialty": "Dermatology",
    "lat": 19.072433735552007,
    "lng": 72.87440681436254,
    "city": "Mumbai"
  },
  {
    "name": "Dr. Sunita Ghosh",
    "specialty": "Dermatology",
    "lat": 26.82859740945529,
    "lng": 80.95961969621533,
    "city": "Lucknow"
  },
  {
    "name": "Dr. Manish Das",
    "specialty": "Dermatology",
    "lat": 22.57648733472648,
    "lng": 88.35851065779428,
    "city": "Kolkata"
  },
  {
    "name": "Dr. Nirmala Shah",
    "specialty": "Dermatology",
    "lat": 26.901419692633944,
    "lng": 75.80249212937217,
    "city": "Jaipur"
  },
  {
    "name": "Dr. Latha Patel",
    "specialty": "Dermatology",
    "lat": 23.009707292526546,
    "lng": 72.59094372148876,
    "city": "Ahmedabad"
  },
  {
    "name": "Dr. Ritu Sharma",
    "specialty": "Dermatology",
    "lat": 22.568162074308745,
    "lng": 88.36929341257627,
    "city": "Kolkata"
  },
  {
    "name": "Dr. Ritu Banerjee",
    "specialty": "Dermatology",
    "lat": 22.589272153147462,
    "lng": 88.35339018308883,
    "city": "Kolkata"
  },
  {
    "name": "Dr. Farheen Shah",
    "specialty": "Dermatology",
    "lat": 12.957880376974263,
    "lng": 77.58958523627753,
    "city": "Bengaluru"
  },
  {
    "name": "Dr. Hina Verma",
    "specialty": "Dermatology",
    "lat": 28.706035092922903,
    "lng": 77.0849583116962,
    "city": "Delhi"
  },
  {
    "name": "Dr. Farheen Rao",
    "specialty": "Dermatology",
    "lat": 22.566488235367324,
    "lng": 88.38318311931998,
    "city": "Kolkata"
  },
  {
    "name": "Dr. Nidhi Shah",
    "specialty": "Dermatology",
    "lat": 22.558023707408207,
    "lng": 88.36507356557114,
    "city": "Kolkata"
  },
  {
    "name": "Dr. Hina Khan",
    "specialty": "Dermatology",
    "lat": 22.58097728892808,
    "lng": 88.36327146858265,
    "city": "Kolkata"
  },
  {
    "name": "Dr. Aditi Ghosh",
    "specialty": "Dermatology",
    "lat": 23.042297820543837,
    "lng": 72.58092782067628,
    "city": "Ahmedabad"
  },
  {
    "name": "Dr. Rita Sengupta",
    "specialty": "Dermatology",
    "lat": 22.55561453338345,
    "lng": 88.37179783696395,
    "city": "Kolkata"
  },
  {
    "name": "Dr. Hina Reddy",
    "specialty": "Dermatology",
    "lat": 17.387185315004636,
    "lng": 78.47517835713428,
    "city": "Hyderabad"
  },
  {
    "name": "Dr. Kavita Ghosh",
    "specialty": "Dermatology",
    "lat": 22.56796805492075,
    "lng": 88.35633364627404,
    "city": "Kolkata"
  },
  {
    "name": "Dr. Rita Shah",
    "specialty": "Dermatology",
    "lat": 22.56961201609606,
    "lng": 88.36571391008128,
    "city": "Kolkata"
  },
  {
    "name": "Dr. Manish Mehta",
    "specialty": "Dermatology",
    "lat": 13.086171625400452,
    "lng": 80.28241317468196,
    "city": "Chennai"
  },
  {
    "name": "Dr. Sayan Khan",
    "specialty": "Orthopedics",
    "lat": 19.07485864481443,
    "lng": 72.87924814888929,
    "city": "Mumbai"
  },
  {
    "name": "Dr. Rita Singh",
    "specialty": "Orthopedics",
    "lat": 28.705670137011467,
    "lng": 77.10266953639673,
    "city": "Delhi"
  },
  {
    "name": "Dr. Nirmala Shah",
    "specialty": "Orthopedics",
    "lat": 26.834103191953215,
    "lng": 80.9458974811746,
    "city": "Lucknow"
  },
  {
    "name": "Dr. Anirban Chakraborty",
    "specialty": "Orthopedics",
    "lat": 28.694503786343134,
    "lng": 77.1104920258675,
    "city": "Delhi"
  },
  {
    "name": "Dr. Kavita Shah",
    "specialty": "Orthopedics",
    "lat": 17.388460529761044,
    "lng": 78.49099741537195,
    "city": "Hyderabad"
  },
  {
    "name": "Dr. Nidhi Khan",
    "specialty": "Orthopedics",
    "lat": 17.393507156138345,
    "lng": 78.50658337937898,
    "city": "Hyderabad"
  },
  {
    "name": "Dr. Nirmala Kulkarni",
    "specialty": "Orthopedics",
    "lat": 22.58769919628981,
    "lng": 88.35861259863914,
    "city": "Kolkata"
  },
  {
    "name": "Dr. Kavita Kulkarni",
    "specialty": "Orthopedics",
    "lat": 28.685111353392198,
    "lng": 77.08744329118682,
    "city": "Delhi"
  },
  {
    "name": "Dr. Sayan Krishnan",
    "specialty": "Orthopedics",
    "lat": 13.08753698311744,
    "lng": 80.26934938161713,
    "city": "Chennai"
  },
  {
    "name": "Dr. Rohan Rao",
    "specialty": "Orthopedics",
    "lat": 13.08273479461723,
    "lng": 80.2846794004327,
    "city": "Chennai"
  },
  {
    "name": "Dr. Arjun Sharma",
    "specialty": "Orthopedics",
    "lat": 22.586033310055335,
    "lng": 88.35194324127548,
    "city": "Kolkata"
  },
  {
    "name": "Dr. Jay Verma",
    "specialty": "Orthopedics",
    "lat": 19.091317826078395,
    "lng": 72.86499506022115,
    "city": "Mumbai"
  },
  {
    "name": "Dr. Rita Sengupta",
    "specialty": "Orthopedics",
    "lat": 26.90215847260243,
    "lng": 75.780613738703,
    "city": "Jaipur"
  },
  {
    "name": "Dr. Manish Banerjee",
    "specialty": "Orthopedics",
    "lat": 12.958400293799523,
    "lng": 77.59148425910413,
    "city": "Bengaluru"
  },
  {
    "name": "Dr. Rajesh Mehta",
    "specialty": "Orthopedics",
    "lat": 23.03556511016643,
    "lng": 72.58576284127976,
    "city": "Ahmedabad"
  },
  {
    "name": "Dr. Sneha Shah",
    "specialty": "Orthopedics",
    "lat": 23.006461921119058,
    "lng": 72.55450132976301,
    "city": "Ahmedabad"
  },
  {
    "name": "Dr. Rita Sengupta",
    "specialty": "Orthopedics",
    "lat": 12.966054515143572,
    "lng": 77.61010284336173,
    "city": "Bengaluru"
  },
  {
    "name": "Dr. Priya Krishnan",
    "specialty": "Orthopedics",
    "lat": 13.087908211781496,
    "lng": 80.28911126297811,
    "city": "Chennai"
  },
  {
    "name": "Dr. Kavita Chakraborty",
    "specialty": "Orthopedics",
    "lat": 19.09221470336736,
    "lng": 72.88528124545017,
    "city": "Mumbai"
  },
  {
    "name": "Dr. Nidhi Verma",
    "specialty": "Orthopedics",
    "lat": 26.90771113981837,
    "lng": 75.76989242629251,
    "city": "Jaipur"
  },
  {
    "name": "Dr. Sneha Das",
    "specialty": "Orthopedics",
    "lat": 13.100893638706225,
    "lng": 80.26642486757389,
    "city": "Chennai"
  },
  {
    "name": "Dr. Rohan Krishnan",
    "specialty": "Orthopedics",
    "lat": 13.064390286858576,
    "lng": 80.26389488553255,
    "city": "Chennai"
  },
  {
    "name": "Dr. Nirmala Das",
    "specialty": "Orthopedics",
    "lat": 26.928493643792592,
    "lng": 75.78646662563781,
    "city": "Jaipur"
  },
  {
    "name": "Dr. Meera Das",
    "specialty": "Orthopedics",
    "lat": 28.709972635442874,
    "lng": 77.1198673200601,
    "city": "Delhi"
  },
  {
    "name": "Dr. Farheen Sharma",
    "specialty": "Orthopedics",
    "lat": 12.981209074554908,
    "lng": 77.57930050606448,
    "city": "Bengaluru"
  },
  {
    "name": "Dr. Sayan Verma",
    "specialty": "Orthopedics",
    "lat": 28.684279167186823,
    "lng": 77.09106247195082,
    "city": "Delhi"
  },
  {
    "name": "Dr. Anil Sengupta",
    "specialty": "Orthopedics",
    "lat": 19.094346172951717,
    "lng": 72.86781191546676,
    "city": "Mumbai"
  },
  {
    "name": "Dr. Sneha Verma",
    "specialty": "Orthopedics",
    "lat": 26.845401045632308,
    "lng": 80.95642467133092,
    "city": "Lucknow"
  },
  {
    "name": "Dr. Aditi Rao",
    "specialty": "Orthopedics",
    "lat": 13.098635206349114,
    "lng": 80.25331299350617,
    "city": "Chennai"
  },
  {
    "name": "Dr. Nidhi Reddy",
    "specialty": "Orthopedics",
    "lat": 19.092759784425706,
    "lng": 72.89197356735377,
    "city": "Mumbai"
  },
  {
    "name": "Dr. Anirban Banerjee",
    "specialty": "Orthopedics",
    "lat": 12.974087491387925,
    "lng": 77.58749436182912,
    "city": "Bengaluru"
  },
  {
    "name": "Dr. Rajesh Banerjee",
    "specialty": "Orthopedics",
    "lat": 28.712913229626746,
    "lng": 77.1214413748815,
    "city": "Delhi"
  },
  {
    "name": "Dr. Manish Khan",
    "specialty": "Orthopedics",
    "lat": 12.976861434833602,
    "lng": 77.60158194474562,
    "city": "Bengaluru"
  },
  {
    "name": "Dr. Sunita Kulkarni",
    "specialty": "Orthopedics",
    "lat": 19.083182222070523,
    "lng": 72.8876916846939,
    "city": "Mumbai"
  },
  {
    "name": "Dr. Ritu Shah",
    "specialty": "Orthopedics",
    "lat": 26.842591596302494,
    "lng": 80.92816593917755,
    "city": "Lucknow"
  },
  {
    "name": "Dr. Latha Mehta",
    "specialty": "Orthopedics",
    "lat": 26.828022807339625,
    "lng": 80.93473339068089,
    "city": "Lucknow"
  },
  {
    "name": "Dr. Nidhi Shah",
    "specialty": "Orthopedics",
    "lat": 23.009842569701814,
    "lng": 72.58942897910175,
    "city": "Ahmedabad"
  },
  {
    "name": "Dr. Vikram Rao",
    "specialty": "Orthopedics",
    "lat": 26.841988625707412,
    "lng": 80.92980782542787,
    "city": "Lucknow"
  },
  {
    "name": "Dr. Nidhi Patel",
    "specialty": "Orthopedics",
    "lat": 17.38175562506604,
    "lng": 78.47541407976284,
    "city": "Hyderabad"
  },
  {
    "name": "Dr. Sunita Singh",
    "specialty": "Orthopedics",
    "lat": 18.511465610175705,
    "lng": 73.8465342480316,
    "city": "Pune"
  },
  {
    "name": "Dr. Manish Sengupta",
    "specialty": "Orthopedics",
    "lat": 26.916773268368374,
    "lng": 75.79312688202144,
    "city": "Jaipur"
  },
  {
    "name": "Dr. Latha Verma",
    "specialty": "Orthopedics",
    "lat": 22.557964143930512,
    "lng": 88.37346560235883,
    "city": "Kolkata"
  },
  {
    "name": "Dr. Rita Ghosh",
    "specialty": "Orthopedics",
    "lat": 17.38958711783318,
    "lng": 78.47251669951537,
    "city": "Hyderabad"
  },
  {
    "name": "Dr. Priya Ghosh",
    "specialty": "Orthopedics",
    "lat": 28.693076691560268,
    "lng": 77.08674992885915,
    "city": "Delhi"
  },
  {
    "name": "Dr. Sayan Shah",
    "specialty": "Orthopedics",
    "lat": 26.85843533539255,
    "lng": 80.93955533421385,
    "city": "Lucknow"
  },
  {
    "name": "Dr. Arjun Mehta",
    "specialty": "Orthopedics",
    "lat": 23.02686972540443,
    "lng": 72.58424454343886,
    "city": "Ahmedabad"
  },
  {
    "name": "Dr. Manish Kulkarni",
    "specialty": "Orthopedics",
    "lat": 19.073925696062613,
    "lng": 72.88690617539191,
    "city": "Mumbai"
  },
  {
    "name": "Dr. Nirmala Shah",
    "specialty": "Orthopedics",
    "lat": 26.853166690000332,
    "lng": 80.96110887239374,
    "city": "Lucknow"
  },
  {
    "name": "Dr. Aditi Das",
    "specialty": "Orthopedics",
    "lat": 17.38791676088598,
    "lng": 78.47111454374767,
    "city": "Hyderabad"
  },
  {
    "name": "Dr. Jay Das",
    "specialty": "Orthopedics",
    "lat": 26.923953647782714,
    "lng": 75.78857962715914,
    "city": "Jaipur"
  },
  {
    "name": "Dr. Rita Chakraborty",
    "specialty": "Orthopedics",
    "lat": 23.004568835575338,
    "lng": 72.58800748205063,
    "city": "Ahmedabad"
  },
  {
    "name": "Dr. Hina Shah",
    "specialty": "Orthopedics",
    "lat": 26.91786478397417,
    "lng": 75.80070074730355,
    "city": "Jaipur"
  },
  {
    "name": "Dr. Rita Das",
    "specialty": "Orthopedics",
    "lat": 12.972649232327907,
    "lng": 77.59902388092367,
    "city": "Bengaluru"
  },
  {
    "name": "Dr. Latha Singh",
    "specialty": "Orthopedics",
    "lat": 22.55757211206729,
    "lng": 88.36109451079327,
    "city": "Kolkata"
  },
  {
    "name": "Dr. Aditi Khan",
    "specialty": "Orthopedics",
    "lat": 26.92120321392805,
    "lng": 75.78829119484925,
    "city": "Jaipur"
  },
  {
    "name": "Dr. Latha Reddy",
    "specialty": "Orthopedics",
    "lat": 17.37375713865176,
    "lng": 78.48131136772889,
    "city": "Hyderabad"
  },
  {
    "name": "Dr. Priya Verma",
    "specialty": "Orthopedics",
    "lat": 13.075501936605681,
    "lng": 80.26065636961958,
    "city": "Chennai"
  },
  {
    "name": "Dr. Ritu Khan",
    "specialty": "Orthopedics",
    "lat": 26.905537594780967,
    "lng": 75.78702862922216,
    "city": "Jaipur"
  },
  {
    "name": "Dr. Sneha Khan",
    "specialty": "Orthopedics",
    "lat": 23.041662481179834,
    "lng": 72.55528157950828,
    "city": "Ahmedabad"
  },
  {
    "name": "Dr. Sayan Das",
    "specialty": "Orthopedics",
    "lat": 19.057123224630594,
    "lng": 72.85809844752826,
    "city": "Mumbai"
  },
  {
    "name": "Dr. Anirban Khan",
    "specialty": "Orthopedics",
    "lat": 26.859332308415603,
    "lng": 80.96384178788725,
    "city": "Lucknow"
  },
  {
    "name": "Dr. Kavita Krishnan",
    "specialty": "Orthopedics",
    "lat": 22.565452530136092,
    "lng": 88.38262772363116,
    "city": "Kolkata"
  },
  {
    "name": "Dr. Farheen Khan",
    "specialty": "Gynecology",
    "lat": 17.387687378180168,
    "lng": 78.50171309031926,
    "city": "Hyderabad"
  },
  {
    "name": "Dr. Vikram Rao",
    "specialty": "Gynecology",
    "lat": 17.38422468972722,
    "lng": 78.49101560285249,
    "city": "Hyderabad"
  },
  {
    "name": "Dr. Nirmala Verma",
    "specialty": "Gynecology",
    "lat": 18.516018207835973,
    "lng": 73.8403746866588,
    "city": "Pune"
  },
  {
    "name": "Dr. Manish Singh",
    "specialty": "Gynecology",
    "lat": 26.8665426703522,
    "lng": 80.94254577974631,
    "city": "Lucknow"
  },
  {
    "name": "Dr. Nidhi Singh",
    "specialty": "Gynecology",
    "lat": 26.8329466698504,
    "lng": 80.93118139762005,
    "city": "Lucknow"
  },
  {
    "name": "Dr. Rita Khan",
    "specialty": "Gynecology",
    "lat": 26.852070350300345,
    "lng": 80.9525456880526,
    "city": "Lucknow"
  },
  {
    "name": "Dr. Sunita Shah",
    "specialty": "Gynecology",
    "lat": 22.571749486563537,
    "lng": 88.37751431883102,
    "city": "Kolkata"
  },
  {
    "name": "Dr. Farheen Kulkarni",
    "specialty": "Gynecology",
    "lat": 12.986661251362854,
    "lng": 77.59540635301198,
    "city": "Bengaluru"
  },
  {
    "name": "Dr. Priya Banerjee",
    "specialty": "Gynecology",
    "lat": 19.060286627628003,
    "lng": 72.88336260886119,
    "city": "Mumbai"
  },
  {
    "name": "Dr. Ritu Sengupta",
    "specialty": "Gynecology",
    "lat": 26.921324703178747,
    "lng": 75.78498318406922,
    "city": "Jaipur"
  },
  {
    "name": "Dr. Meera Verma",
    "specialty": "Gynecology",
    "lat": 17.37640481011716,
    "lng": 78.49329239067113,
    "city": "Hyderabad"
  },
  {
    "name": "Dr. Rajesh Sengupta",
    "specialty": "Gynecology",
    "lat": 13.084980401297319,
    "lng": 80.27481083853667,
    "city": "Chennai"
  },
  {
    "name": "Dr. Rohan Patel",
    "specialty": "Gynecology",
    "lat": 18.511802812401935,
    "lng": 73.87391315064096,
    "city": "Pune"
  },
  {
    "name": "Dr. Anil Chakraborty",
    "specialty": "Gynecology",
    "lat": 28.71000039077964,
    "lng": 77.09599916256444,
    "city": "Delhi"
  },
  {
    "name": "Dr. Vikram Krishnan",
    "specialty": "Gynecology",
    "lat": 18.527099450913386,
    "lng": 73.8608318402818,
    "city": "Pune"
  },
  {
    "name": "Dr. Rohan Kulkarni",
    "specialty": "Gynecology",
    "lat": 22.56273431550065,
    "lng": 88.36960721125624,
    "city": "Kolkata"
  },
  {
    "name": "Dr. Hina Patel",
    "specialty": "Gynecology",
    "lat": 13.080645081211188,
    "lng": 80.25118335143847,
    "city": "Chennai"
  },
  {
    "name": "Dr. Ritu Patel",
    "specialty": "Gynecology",
    "lat": 22.579468898138302,
    "lng": 88.35678842074336,
    "city": "Kolkata"
  },
  {
    "name": "Dr. Rita Reddy",
    "specialty": "Gynecology",
    "lat": 19.06568364413799,
    "lng": 72.86388594525174,
    "city": "Mumbai"
  },
  {
    "name": "Dr. Kavita Mehta",
    "specialty": "Gynecology",
    "lat": 12.957617725049483,
    "lng": 77.58534685162324,
    "city": "Bengaluru"
  },
  {
    "name": "Dr. Ritu Singh",
    "specialty": "Gynecology",
    "lat": 23.021598601661243,
    "lng": 72.58509534488162,
    "city": "Ahmedabad"
  },
  {
    "name": "Dr. Meera Reddy",
    "specialty": "Gynecology",
    "lat": 12.958616466448587,
    "lng": 77.60466133808002,
    "city": "Bengaluru"
  },
  {
    "name": "Dr. Rajesh Mehta",
    "specialty": "Gynecology",
    "lat": 26.917255639385104,
    "lng": 75.77275750472386,
    "city": "Jaipur"
  },
  {
    "name": "Dr. Latha Ghosh",
    "specialty": "Gynecology",
    "lat": 13.065525278994109,
    "lng": 80.25096448690992,
    "city": "Chennai"
  },
  {
    "name": "Dr. Rohan Sharma",
    "specialty": "Gynecology",
    "lat": 17.402133280152338,
    "lng": 78.46745507412642,
    "city": "Hyderabad"
  },
  {
    "name": "Dr. Rohan Rao",
    "specialty": "Gynecology",
    "lat": 26.903365821837387,
    "lng": 75.78007282699373,
    "city": "Jaipur"
  },
  {
    "name": "Dr. Vikram Shah",
    "specialty": "Gynecology",
    "lat": 22.576106607189022,
    "lng": 88.36499073424082,
    "city": "Kolkata"
  },
  {
    "name": "Dr. Meera Mehta",
    "specialty": "Gynecology",
    "lat": 18.52485718221358,
    "lng": 73.86535773850538,
    "city": "Pune"
  },
  {
    "name": "Dr. Farheen Reddy",
    "specialty": "Gynecology",
    "lat": 22.579846888849385,
    "lng": 88.36338335827978,
    "city": "Kolkata"
  },
  {
    "name": "Dr. Latha Sengupta",
    "specialty": "Gynecology",
    "lat": 19.08851902150115,
    "lng": 72.86477370965802,
    "city": "Mumbai"
  },
  {
    "name": "Dr. Priya Mehta",
    "specialty": "Gynecology",
    "lat": 23.037909577255967,
    "lng": 72.56327363919483,
    "city": "Ahmedabad"
  },
  {
    "name": "Dr. Ritu Mehta",
    "specialty": "Gynecology",
    "lat": 17.386123471042293,
    "lng": 78.48389068920163,
    "city": "Hyderabad"
  },
  {
    "name": "Dr. Latha Krishnan",
    "specialty": "Gynecology",
    "lat": 12.952292485611638,
    "lng": 77.59643304714946,
    "city": "Bengaluru"
  },
  {
    "name": "Dr. Hina Singh",
    "specialty": "Gynecology",
    "lat": 22.58158662901541,
    "lng": 88.36449530991858,
    "city": "Kolkata"
  },
  {
    "name": "Dr. Anil Krishnan",
    "specialty": "Gynecology",
    "lat": 26.91694684150314,
    "lng": 75.79356424442243,
    "city": "Jaipur"
  },
  {
    "name": "Dr. Sunita Chakraborty",
    "specialty": "Gynecology",
    "lat": 13.093998690152569,
    "lng": 80.28612665960077,
    "city": "Chennai"
  },
  {
    "name": "Dr. Rupal Mehta",
    "specialty": "Gynecology",
    "lat": 12.98363430044844,
    "lng": 77.5955429411444,
    "city": "Bengaluru"
  },
  {
    "name": "Dr. Sayan Chakraborty",
    "specialty": "Gynecology",
    "lat": 28.719220641403844,
    "lng": 77.0923756772349,
    "city": "Delhi"
  },
  {
    "name": "Dr. Sayan Sengupta",
    "specialty": "Gynecology",
    "lat": 22.564009778821212,
    "lng": 88.3769841439394,
    "city": "Kolkata"
  },
  {
    "name": "Dr. Priya Verma",
    "specialty": "Gynecology",
    "lat": 28.712286019697423,
    "lng": 77.11977921475217,
    "city": "Delhi"
  },
  {
    "name": "Dr. Rajesh Sharma",
    "specialty": "Gynecology",
    "lat": 28.707764373576723,
    "lng": 77.0942822919253,
    "city": "Delhi"
  },
  {
    "name": "Dr. Sneha Rao",
    "specialty": "Gynecology",
    "lat": 13.065095401001214,
    "lng": 80.28543315166314,
    "city": "Chennai"
  },
  {
    "name": "Dr. Nidhi Patel",
    "specialty": "Gynecology",
    "lat": 23.016127617248546,
    "lng": 72.56211546704664,
    "city": "Ahmedabad"
  },
  {
    "name": "Dr. Anil Das",
    "specialty": "Gynecology",
    "lat": 23.042181152413217,
    "lng": 72.55774658817053,
    "city": "Ahmedabad"
  },
  {
    "name": "Dr. Meera Mehta",
    "specialty": "Gynecology",
    "lat": 26.82881865711891,
    "lng": 80.9342560077679,
    "city": "Lucknow"
  },
  {
    "name": "Dr. Manish Ghosh",
    "specialty": "Gynecology",
    "lat": 18.518225823363917,
    "lng": 73.8485234755047,
    "city": "Pune"
  },
  {
    "name": "Dr. Vikram Das",
    "specialty": "Gynecology",
    "lat": 12.982843218232155,
    "lng": 77.59974946905538,
    "city": "Bengaluru"
  },
  {
    "name": "Dr. Latha Patel",
    "specialty": "Gynecology",
    "lat": 22.57903998245468,
    "lng": 88.36047967907923,
    "city": "Kolkata"
  },
  {
    "name": "Dr. Rupal Mehta",
    "specialty": "Gynecology",
    "lat": 13.075091009255745,
    "lng": 80.27333696368841,
    "city": "Chennai"
  },
  {
    "name": "Dr. Manish Patel",
    "specialty": "Gynecology",
    "lat": 26.846399039735324,
    "lng": 80.95164247438319,
    "city": "Lucknow"
  },
  {
    "name": "Dr. Meera Khan",
    "specialty": "Gynecology",
    "lat": 12.957719382487426,
    "lng": 77.57863536151014,
    "city": "Bengaluru"
  },
  {
    "name": "Dr. Sunita Singh",
    "specialty": "Gynecology",
    "lat": 26.92003319875784,
    "lng": 75.8067929227967,
    "city": "Jaipur"
  },
  {
    "name": "Dr. Rohan Banerjee",
    "specialty": "Gynecology",
    "lat": 17.40261861176135,
    "lng": 78.49991660387933,
    "city": "Hyderabad"
  },
  {
    "name": "Dr. Rohan Banerjee",
    "specialty": "Gynecology",
    "lat": 13.099110708929775,
    "lng": 80.28372962483047,
    "city": "Chennai"
  },
  {
    "name": "Dr. Sayan Verma",
    "specialty": "Gynecology",
    "lat": 13.072328705789355,
    "lng": 80.28189414932191,
    "city": "Chennai"
  },
  {
    "name": "Dr. Hina Ghosh",
    "specialty": "Gynecology",
    "lat": 17.39796730745592,
    "lng": 78.49989149551246,
    "city": "Hyderabad"
  },
  {
    "name": "Dr. Rajesh Verma",
    "specialty": "Gynecology",
    "lat": 23.01166322828371,
    "lng": 72.56259709561665,
    "city": "Ahmedabad"
  },
  {
    "name": "Dr. Rita Chakraborty",
    "specialty": "Gynecology",
    "lat": 17.36955172841255,
    "lng": 78.49225634481954,
    "city": "Hyderabad"
  },
  {
    "name": "Dr. Anil Singh",
    "specialty": "Gynecology",
    "lat": 26.837460166510127,
    "lng": 80.95609318571009,
    "city": "Lucknow"
  },
  {
    "name": "Dr. Rupal Ghosh",
    "specialty": "Gynecology",
    "lat": 26.911627865893017,
    "lng": 75.77131424502785,
    "city": "Jaipur"
  },
  {
    "name": "Dr. Rajesh Verma",
    "specialty": "Gynecology",
    "lat": 12.99042213148833,
    "lng": 77.59409584959455,
    "city": "Bengaluru"
  },
  {
    "name": "Dr. Meera Reddy",
    "specialty": "Gynecology",
    "lat": 23.019468574552057,
    "lng": 72.58275794128143,
    "city": "Ahmedabad"
  },
  {
    "name": "Dr. Sunita Verma",
    "specialty": "Neurology",
    "lat": 26.907685254404775,
    "lng": 75.80482788291286,
    "city": "Jaipur"
  },
  {
    "name": "Dr. Arjun Mehta",
    "specialty": "Neurology",
    "lat": 26.840217163056224,
    "lng": 80.94010550966647,
    "city": "Lucknow"
  },
  {
    "name": "Dr. Anirban Krishnan",
    "specialty": "Neurology",
    "lat": 12.99107706943523,
    "lng": 77.59824323358198,
    "city": "Bengaluru"
  },
  {
    "name": "Dr. Kavita Sharma",
    "specialty": "Neurology",
    "lat": 26.918957995982357,
    "lng": 75.80232856936398,
    "city": "Jaipur"
  },
  {
    "name": "Dr. Rohan Shah",
    "specialty": "Neurology",
    "lat": 26.929758794585027,
    "lng": 75.77943439669488,
    "city": "Jaipur"
  },
  {
    "name": "Dr. Meera Reddy",
    "specialty": "Neurology",
    "lat": 12.95749769300139,
    "lng": 77.60458579333421,
    "city": "Bengaluru"
  },
  {
    "name": "Dr. Farheen Verma",
    "specialty": "Neurology",
    "lat": 26.924464093811178,
    "lng": 75.7844791419578,
    "city": "Jaipur"
  },
  {
    "name": "Dr. Hina Mehta",
    "specialty": "Neurology",
    "lat": 26.831247860540934,
    "lng": 80.92797830283506,
    "city": "Lucknow"
  },
  {
    "name": "Dr. Rohan Banerjee",
    "specialty": "Neurology",
    "lat": 28.717649142897617,
    "lng": 77.12154525135264,
    "city": "Delhi"
  },
  {
    "name": "Dr. Sunita Patel",
    "specialty": "Neurology",
    "lat": 26.845206358715025,
    "lng": 80.95301931581663,
    "city": "Lucknow"
  },
  {
    "name": "Dr. Anil Mehta",
    "specialty": "Neurology",
    "lat": 19.084176023103627,
    "lng": 72.88898321716454,
    "city": "Mumbai"
  },
  {
    "name": "Dr. Sunita Ghosh",
    "specialty": "Neurology",
    "lat": 23.00294499495249,
    "lng": 72.56490034707565,
    "city": "Ahmedabad"
  },
  {
    "name": "Dr. Nirmala Das",
    "specialty": "Neurology",
    "lat": 17.39254358280264,
    "lng": 78.49335537084697,
    "city": "Hyderabad"
  },
  {
    "name": "Dr. Ritu Reddy",
    "specialty": "Neurology",
    "lat": 28.701146012431252,
    "lng": 77.08866078282621,
    "city": "Delhi"
  },
  {
    "name": "Dr. Rajesh Sharma",
    "specialty": "Neurology",
    "lat": 13.090601275132116,
    "lng": 80.27902771549564,
    "city": "Chennai"
  },
  {
    "name": "Dr. Manish Banerjee",
    "specialty": "Neurology",
    "lat": 28.699533131469405,
    "lng": 77.11410371839311,
    "city": "Delhi"
  },
  {
    "name": "Dr. Kavita Sengupta",
    "specialty": "Neurology",
    "lat": 28.702572276948967,
    "lng": 77.09988396466751,
    "city": "Delhi"
  },
  {
    "name": "Dr. Farheen Ghosh",
    "specialty": "Neurology",
    "lat": 26.91642633219602,
    "lng": 75.78264396325136,
    "city": "Jaipur"
  },
  {
    "name": "Dr. Anirban Mehta",
    "specialty": "Neurology",
    "lat": 12.971321488158102,
    "lng": 77.59060198438155,
    "city": "Bengaluru"
  },
  {
    "name": "Dr. Kavita Sharma",
    "specialty": "Neurology",
    "lat": 19.05928477510497,
    "lng": 72.890661065181,
    "city": "Mumbai"
  },
  {
    "name": "Dr. Vikram Rao",
    "specialty": "Neurology",
    "lat": 18.52962904533956,
    "lng": 73.86863923041486,
    "city": "Pune"
  },
  {
    "name": "Dr. Rupal Shah",
    "specialty": "Neurology",
    "lat": 28.723785921924726,
    "lng": 77.1083447326051,
    "city": "Delhi"
  },
  {
    "name": "Dr. Sunita Sengupta",
    "specialty": "Neurology",
    "lat": 12.988226549179224,
    "lng": 77.60787988322998,
    "city": "Bengaluru"
  },
  {
    "name": "Dr. Ritu Krishnan",
    "specialty": "Neurology",
    "lat": 26.901460228249356,
    "lng": 75.77871142002505,
    "city": "Jaipur"
  },
  {
    "name": "Dr. Priya Chakraborty",
    "specialty": "Neurology",
    "lat": 26.83036781211674,
    "lng": 80.92802969005226,
    "city": "Lucknow"
  },
  {
    "name": "Dr. Anil Mehta",
    "specialty": "Neurology",
    "lat": 26.91022053630989,
    "lng": 75.7932583017192,
    "city": "Jaipur"
  },
  {
    "name": "Dr. Rohan Das",
    "specialty": "Neurology",
    "lat": 22.567811180972893,
    "lng": 88.37277316754844,
    "city": "Kolkata"
  },
  {
    "name": "Dr. Rohan Singh",
    "specialty": "Neurology",
    "lat": 28.68630612958204,
    "lng": 77.1106195971395,
    "city": "Delhi"
  },
  {
    "name": "Dr. Latha Ghosh",
    "specialty": "Neurology",
    "lat": 26.856525908559995,
    "lng": 80.95340136108292,
    "city": "Lucknow"
  },
  {
    "name": "Dr. Nirmala Rao",
    "specialty": "Neurology",
    "lat": 26.83815346115646,
    "lng": 80.9342218562404,
    "city": "Lucknow"
  },
  {
    "name": "Dr. Sunita Mehta",
    "specialty": "Neurology",
    "lat": 23.01923326833538,
    "lng": 72.5855669880214,
    "city": "Ahmedabad"
  },
  {
    "name": "Dr. Aditi Sharma",
    "specialty": "Neurology",
    "lat": 26.851734029961634,
    "lng": 80.95365329696901,
    "city": "Lucknow"
  },
  {
    "name": "Dr. Rupal Kulkarni",
    "specialty": "Neurology",
    "lat": 23.03491298342602,
    "lng": 72.5872375149603,
    "city": "Ahmedabad"
  },
  {
    "name": "Dr. Vikram Krishnan",
    "specialty": "Neurology",
    "lat": 23.018277578380946,
    "lng": 72.58250416805062,
    "city": "Ahmedabad"
  },
  {
    "name": "Dr. Rita Krishnan",
    "specialty": "Neurology",
    "lat": 12.955983545160146,
    "lng": 77.58542685485371,
    "city": "Bengaluru"
  },
  {
    "name": "Dr. Aditi Khan",
    "specialty": "Neurology",
    "lat": 28.69819092504742,
    "lng": 77.09017479456952,
    "city": "Delhi"
  },
  {
    "name": "Dr. Ritu Rao",
    "specialty": "Neurology",
    "lat": 13.069436636416519,
    "lng": 80.27202970329648,
    "city": "Chennai"
  },
  {
    "name": "Dr. Rajesh Sengupta",
    "specialty": "Neurology",
    "lat": 22.56443737550354,
    "lng": 88.35913760535881,
    "city": "Kolkata"
  },
  {
    "name": "Dr. Rajesh Singh",
    "specialty": "Neurology",
    "lat": 19.070290520000622,
    "lng": 72.89299591550294,
    "city": "Mumbai"
  },
  {
    "name": "Dr. Hina Rao",
    "specialty": "Neurology",
    "lat": 23.029473135872504,
    "lng": 72.55430031993764,
    "city": "Ahmedabad"
  },
  {
    "name": "Dr. Hina Mehta",
    "specialty": "Neurology",
    "lat": 26.839812722487654,
    "lng": 80.95847575422498,
    "city": "Lucknow"
  },
  {
    "name": "Dr. Manish Ghosh",
    "specialty": "Neurology",
    "lat": 22.57654713319126,
    "lng": 88.35815811193343,
    "city": "Kolkata"
  },
  {
    "name": "Dr. Sayan Krishnan",
    "specialty": "Neurology",
    "lat": 22.586827255873075,
    "lng": 88.37742560987618,
    "city": "Kolkata"
  },
  {
    "name": "Dr. Vikram Sengupta",
    "specialty": "Neurology",
    "lat": 18.516456064496793,
    "lng": 73.84322059090275,
    "city": "Pune"
  },
  {
    "name": "Dr. Sunita Krishnan",
    "specialty": "Neurology",
    "lat": 28.722278205638535,
    "lng": 77.10175842880909,
    "city": "Delhi"
  },
  {
    "name": "Dr. Nirmala Chakraborty",
    "specialty": "Neurology",
    "lat": 26.851073903986112,
    "lng": 80.94217554214534,
    "city": "Lucknow"
  },
  {
    "name": "Dr. Sneha Chakraborty",
    "specialty": "Neurology",
    "lat": 13.09561128339188,
    "lng": 80.258194170618,
    "city": "Chennai"
  },
  {
    "name": "Dr. Rupal Rao",
    "specialty": "Neurology",
    "lat": 22.57050564161967,
    "lng": 88.37500098307343,
    "city": "Kolkata"
  },
  {
    "name": "Dr. Anirban Ghosh",
    "specialty": "Neurology",
    "lat": 28.724085768867234,
    "lng": 77.08634775924081,
    "city": "Delhi"
  },
  {
    "name": "Dr. Nidhi Das",
    "specialty": "Neurology",
    "lat": 12.977422867519206,
    "lng": 77.59179555113472,
    "city": "Bengaluru"
  },
  {
    "name": "Dr. Kavita Ghosh",
    "specialty": "Neurology",
    "lat": 26.846667448703524,
    "lng": 80.93865153395949,
    "city": "Lucknow"
  },
  {
    "name": "Dr. Aditi Verma",
    "specialty": "Neurology",
    "lat": 19.095613384170395,
    "lng": 72.86450984956454,
    "city": "Mumbai"
  },
  {
    "name": "Dr. Aditi Ghosh",
    "specialty": "Neurology",
    "lat": 13.097382517858708,
    "lng": 80.27282066429055,
    "city": "Chennai"
  },
  {
    "name": "Dr. Sunita Shah",
    "specialty": "Neurology",
    "lat": 23.011398297729727,
    "lng": 72.57355318146128,
    "city": "Ahmedabad"
  },
  {
    "name": "Dr. Manish Chakraborty",
    "specialty": "Neurology",
    "lat": 26.82704303376806,
    "lng": 80.94911539370547,
    "city": "Lucknow"
  },
  {
    "name": "Dr. Rupal Sengupta",
    "specialty": "Neurology",
    "lat": 28.72356991796019,
    "lng": 77.08594846996456,
    "city": "Delhi"
  },
  {
    "name": "Dr. Kavita Khan",
    "specialty": "Neurology",
    "lat": 26.8405868131796,
    "lng": 80.93725123381665,
    "city": "Lucknow"
  },
  {
    "name": "Dr. Arjun Rao",
    "specialty": "Neurology",
    "lat": 13.079711734736254,
    "lng": 80.28320280792097,
    "city": "Chennai"
  },
  {
    "name": "Dr. Hina Rao",
    "specialty": "Neurology",
    "lat": 12.961054009285618,
    "lng": 77.6109606606253,
    "city": "Bengaluru"
  },
  {
    "name": "Dr. Ritu Sharma",
    "specialty": "Neurology",
    "lat": 28.704185556456295,
    "lng": 77.0969446973996,
    "city": "Delhi"
  },
  {
    "name": "Dr. Kavita Reddy",
    "specialty": "Neurology",
    "lat": 19.071197136782324,
    "lng": 72.88647271917641,
    "city": "Mumbai"
  },
  {
    "name": "Dr. Rupal Kulkarni",
    "specialty": "Neurology",
    "lat": 26.901978469245346,
    "lng": 75.77295049081854,
    "city": "Jaipur"
  },
  {
    "name": "Dr. Anil Chakraborty",
    "specialty": "ENT",
    "lat": 18.530855746354096,
    "lng": 73.85194728050462,
    "city": "Pune"
  },
  {
    "name": "Dr. Manish Patel",
    "specialty": "ENT",
    "lat": 23.029642929876488,
    "lng": 72.57694417445944,
    "city": "Ahmedabad"
  },
  {
    "name": "Dr. Arjun Sengupta",
    "specialty": "ENT",
    "lat": 26.864906367911004,
    "lng": 80.9376679200497,
    "city": "Lucknow"
  },
  {
    "name": "Dr. Rupal Patel",
    "specialty": "ENT",
    "lat": 26.835324801477775,
    "lng": 80.95912937518563,
    "city": "Lucknow"
  },
  {
    "name": "Dr. Anil Verma",
    "specialty": "ENT",
    "lat": 22.574424923454927,
    "lng": 88.34437778368726,
    "city": "Kolkata"
  },
  {
    "name": "Dr. Sneha Khan",
    "specialty": "ENT",
    "lat": 26.89384120632084,
    "lng": 75.77815679904732,
    "city": "Jaipur"
  },
  {
    "name": "Dr. Nidhi Banerjee",
    "specialty": "ENT",
    "lat": 22.580139681664537,
    "lng": 88.38187660720423,
    "city": "Kolkata"
  },
  {
    "name": "Dr. Hina Chakraborty",
    "specialty": "ENT",
    "lat": 12.975767704279772,
    "lng": 77.60475351594057,
    "city": "Bengaluru"
  },
  {
    "name": "Dr. Ritu Patel",
    "specialty": "ENT",
    "lat": 12.98370711225685,
    "lng": 77.60505100363588,
    "city": "Bengaluru"
  },
  {
    "name": "Dr. Nidhi Khan",
    "specialty": "ENT",
    "lat": 17.37474067766719,
    "lng": 78.47781366352473,
    "city": "Hyderabad"
  },
  {
    "name": "Dr. Farheen Shah",
    "specialty": "ENT",
    "lat": 13.098692693624672,
    "lng": 80.25630258766759,
    "city": "Chennai"
  },
  {
    "name": "Dr. Sunita Kulkarni",
    "specialty": "ENT",
    "lat": 28.691616380096505,
    "lng": 77.10657731241312,
    "city": "Delhi"
  },
  {
    "name": "Dr. Latha Kulkarni",
    "specialty": "ENT",
    "lat": 17.36743331655144,
    "lng": 78.46845670919836,
    "city": "Hyderabad"
  },
  {
    "name": "Dr. Anirban Khan",
    "specialty": "ENT",
    "lat": 26.924296648206617,
    "lng": 75.77277128320196,
    "city": "Jaipur"
  },
  {
    "name": "Dr. Jay Rao",
    "specialty": "ENT",
    "lat": 19.067787678484844,
    "lng": 72.88263098309432,
    "city": "Mumbai"
  },
  {
    "name": "Dr. Rupal Verma",
    "specialty": "ENT",
    "lat": 12.955535942267352,
    "lng": 77.5986232597543,
    "city": "Bengaluru"
  },
  {
    "name": "Dr. Aditi Mehta",
    "specialty": "ENT",
    "lat": 19.086395918935043,
    "lng": 72.89108705036845,
    "city": "Mumbai"
  },
  {
    "name": "Dr. Ritu Verma",
    "specialty": "ENT",
    "lat": 18.52662062027775,
    "lng": 73.86226148128868,
    "city": "Pune"
  },
  {
    "name": "Dr. Rajesh Banerjee",
    "specialty": "ENT",
    "lat": 17.39120516882591,
    "lng": 78.49105602048877,
    "city": "Hyderabad"
  },
  {
    "name": "Dr. Meera Singh",
    "specialty": "ENT",
    "lat": 28.69569356594861,
    "lng": 77.08311949200781,
    "city": "Delhi"
  },
  {
    "name": "Dr. Rupal Kulkarni",
    "specialty": "ENT",
    "lat": 26.92736807051604,
    "lng": 75.79590444820482,
    "city": "Jaipur"
  },
  {
    "name": "Dr. Anil Patel",
    "specialty": "ENT",
    "lat": 26.90275661380325,
    "lng": 75.78516186166216,
    "city": "Jaipur"
  },
  {
    "name": "Dr. Rohan Singh",
    "specialty": "ENT",
    "lat": 17.3766648115669,
    "lng": 78.50592243634237,
    "city": "Hyderabad"
  },
  {
    "name": "Dr. Kavita Khan",
    "specialty": "ENT",
    "lat": 12.952410223457132,
    "lng": 77.57793930260412,
    "city": "Bengaluru"
  },
  {
    "name": "Dr. Rajesh Chakraborty",
    "specialty": "ENT",
    "lat": 19.05711327625773,
    "lng": 72.87924647985659,
    "city": "Mumbai"
  },
  {
    "name": "Dr. Nirmala Shah",
    "specialty": "ENT",
    "lat": 12.98087974080064,
    "lng": 77.60871206064225,
    "city": "Bengaluru"
  },
  {
    "name": "Dr. Latha Banerjee",
    "specialty": "ENT",
    "lat": 13.075159136697293,
    "lng": 80.2723002325528,
    "city": "Chennai"
  },
  {
    "name": "Dr. Ritu Krishnan",
    "specialty": "ENT",
    "lat": 22.573491792286656,
    "lng": 88.34575626964967,
    "city": "Kolkata"
  },
  {
    "name": "Dr. Meera Rao",
    "specialty": "ENT",
    "lat": 17.396333110644775,
    "lng": 78.49579567873936,
    "city": "Hyderabad"
  },
  {
    "name": "Dr. Meera Shah",
    "specialty": "ENT",
    "lat": 26.91286575815078,
    "lng": 75.79832158877257,
    "city": "Jaipur"
  },
  {
    "name": "Dr. Arjun Reddy",
    "specialty": "ENT",
    "lat": 17.381928993522326,
    "lng": 78.48042381264972,
    "city": "Hyderabad"
  },
  {
    "name": "Dr. Aditi Ghosh",
    "specialty": "ENT",
    "lat": 13.086766772239486,
    "lng": 80.2561663625026,
    "city": "Chennai"
  },
  {
    "name": "Dr. Rupal Das",
    "specialty": "ENT",
    "lat": 18.529582434751692,
    "lng": 73.87261198989093,
    "city": "Pune"
  },
  {
    "name": "Dr. Nirmala Khan",
    "specialty": "ENT",
    "lat": 13.101345935997344,
    "lng": 80.27754926189681,
    "city": "Chennai"
  },
  {
    "name": "Dr. Sayan Khan",
    "specialty": "ENT",
    "lat": 13.080537780600583,
    "lng": 80.2603633081292,
    "city": "Chennai"
  },
  {
    "name": "Dr. Aditi Shah",
    "specialty": "ENT",
    "lat": 18.51151595639629,
    "lng": 73.83938458006521,
    "city": "Pune"
  },
  {
    "name": "Dr. Rohan Chakraborty",
    "specialty": "ENT",
    "lat": 22.571867229824413,
    "lng": 88.35280141654725,
    "city": "Kolkata"
  },
  {
    "name": "Dr. Anil Sengupta",
    "specialty": "ENT",
    "lat": 17.370883542093246,
    "lng": 78.49134029957335,
    "city": "Hyderabad"
  },
  {
    "name": "Dr. Rajesh Shah",
    "specialty": "ENT",
    "lat": 23.007082474675535,
    "lng": 72.57369679258268,
    "city": "Ahmedabad"
  },
  {
    "name": "Dr. Aditi Das",
    "specialty": "ENT",
    "lat": 19.07378859638679,
    "lng": 72.89167895027278,
    "city": "Mumbai"
  },
  {
    "name": "Dr. Rita Kulkarni",
    "specialty": "ENT",
    "lat": 23.039716951500303,
    "lng": 72.57201522036651,
    "city": "Ahmedabad"
  },
  {
    "name": "Dr. Kavita Verma",
    "specialty": "ENT",
    "lat": 26.860350804555434,
    "lng": 80.94716174231144,
    "city": "Lucknow"
  },
  {
    "name": "Dr. Sunita Verma",
    "specialty": "ENT",
    "lat": 23.014557854472812,
    "lng": 72.56838488008194,
    "city": "Ahmedabad"
  },
  {
    "name": "Dr. Sayan Banerjee",
    "specialty": "ENT",
    "lat": 12.97740720007487,
    "lng": 77.5968653051837,
    "city": "Bengaluru"
  },
  {
    "name": "Dr. Manish Chakraborty",
    "specialty": "ENT",
    "lat": 17.395273201473103,
    "lng": 78.49688185379526,
    "city": "Hyderabad"
  },
  {
    "name": "Dr. Latha Das",
    "specialty": "ENT",
    "lat": 26.902969813301425,
    "lng": 75.78962336272346,
    "city": "Jaipur"
  },
  {
    "name": "Dr. Ritu Shah",
    "specialty": "ENT",
    "lat": 26.90845407039281,
    "lng": 75.79935646485313,
    "city": "Jaipur"
  },
  {
    "name": "Dr. Rohan Reddy",
    "specialty": "ENT",
    "lat": 12.98883790067272,
    "lng": 77.60426010193466,
    "city": "Bengaluru"
  },
  {
    "name": "Dr. Meera Kulkarni",
    "specialty": "ENT",
    "lat": 26.842110276250715,
    "lng": 80.93311017432082,
    "city": "Lucknow"
  },
  {
    "name": "Dr. Rajesh Singh",
    "specialty": "ENT",
    "lat": 23.023155306547128,
    "lng": 72.55977244345192,
    "city": "Ahmedabad"
  },
  {
    "name": "Dr. Rohan Kulkarni",
    "specialty": "ENT",
    "lat": 12.960125894830254,
    "lng": 77.58043561955743,
    "city": "Bengaluru"
  },
  {
    "name": "Dr. Meera Patel",
    "specialty": "ENT",
    "lat": 28.723984608070154,
    "lng": 77.09664479473794,
    "city": "Delhi"
  },
  {
    "name": "Dr. Rupal Singh",
    "specialty": "ENT",
    "lat": 12.974596509852375,
    "lng": 77.57598040549995,
    "city": "Bengaluru"
  },
  {
    "name": "Dr. Anirban Rao",
    "specialty": "ENT",
    "lat": 26.8330504045609,
    "lng": 80.93281140342265,
    "city": "Lucknow"
  },
  {
    "name": "Dr. Arjun Reddy",
    "specialty": "ENT",
    "lat": 17.393248560056875,
    "lng": 78.50523295196695,
    "city": "Hyderabad"
  },
  {
    "name": "Dr. Ritu Ghosh",
    "specialty": "ENT",
    "lat": 22.556917191872515,
    "lng": 88.35941442059867,
    "city": "Kolkata"
  },
  {
    "name": "Dr. Anirban Ghosh",
    "specialty": "ENT",
    "lat": 12.967940511728118,
    "lng": 77.60876608157585,
    "city": "Bengaluru"
  },
  {
    "name": "Dr. Kavita Sharma",
    "specialty": "ENT",
    "lat": 12.990247986103324,
    "lng": 77.61150189157505,
    "city": "Bengaluru"
  },
  {
    "name": "Dr. Ritu Rao",
    "specialty": "ENT",
    "lat": 23.027269847481648,
    "lng": 72.5831703091572,
    "city": "Ahmedabad"
  },
  {
    "name": "Dr. Vikram Mehta",
    "specialty": "ENT",
    "lat": 23.00513073834255,
    "lng": 72.57346603952782,
    "city": "Ahmedabad"
  },
  {
    "name": "Dr. Priya Rao",
    "specialty": "ENT",
    "lat": 26.9224847513373,
    "lng": 75.77960876212317,
    "city": "Jaipur"
  },
  {
    "name": "Dr. Arjun Chakraborty",
    "specialty": "ENT",
    "lat": 12.974396122683046,
    "lng": 77.58153470946175,
    "city": "Bengaluru"
  },
  {
    "name": "Dr. Anirban Das",
    "specialty": "Psychiatry",
    "lat": 17.389814388773203,
    "lng": 78.46933377255226,
    "city": "Hyderabad"
  },
  {
    "name": "Dr. Rita Patel",
    "specialty": "Psychiatry",
    "lat": 28.706638790424186,
    "lng": 77.1033521208613,
    "city": "Delhi"
  },
  {
    "name": "Dr. Manish Sharma",
    "specialty": "Psychiatry",
    "lat": 13.075085710431312,
    "lng": 80.287788487184,
    "city": "Chennai"
  },
  {
    "name": "Dr. Farheen Khan",
    "specialty": "Psychiatry",
    "lat": 18.52409622899325,
    "lng": 73.8503385145532,
    "city": "Pune"
  },
  {
    "name": "Dr. Vikram Khan",
    "specialty": "Psychiatry",
    "lat": 23.034645464495252,
    "lng": 72.55417077861969,
    "city": "Ahmedabad"
  },
  {
    "name": "Dr. Aditi Kulkarni",
    "specialty": "Psychiatry",
    "lat": 23.010356982775168,
    "lng": 72.56909651763698,
    "city": "Ahmedabad"
  },
  {
    "name": "Dr. Rohan Das",
    "specialty": "Psychiatry",
    "lat": 23.031062670493224,
    "lng": 72.58595693220511,
    "city": "Ahmedabad"
  },
  {
    "name": "Dr. Sneha Krishnan",
    "specialty": "Psychiatry",
    "lat": 26.895325959690656,
    "lng": 75.76875329599993,
    "city": "Jaipur"
  },
  {
    "name": "Dr. Priya Sharma",
    "specialty": "Psychiatry",
    "lat": 26.927352748869268,
    "lng": 75.76977651534227,
    "city": "Jaipur"
  },
  {
    "name": "Dr. Vikram Sengupta",
    "specialty": "Psychiatry",
    "lat": 12.97346877646439,
    "lng": 77.58739093138968,
    "city": "Bengaluru"
  },
  {
    "name": "Dr. Meera Patel",
    "specialty": "Psychiatry",
    "lat": 13.083222333287786,
    "lng": 80.26643582884716,
    "city": "Chennai"
  },
  {
    "name": "Dr. Vikram Das",
    "specialty": "Psychiatry",
    "lat": 23.00367477457342,
    "lng": 72.55557890941449,
    "city": "Ahmedabad"
  },
  {
    "name": "Dr. Sneha Sengupta",
    "specialty": "Psychiatry",
    "lat": 17.38295257665431,
    "lng": 78.49139146498844,
    "city": "Hyderabad"
  },
  {
    "name": "Dr. Farheen Reddy",
    "specialty": "Psychiatry",
    "lat": 26.851538028649223,
    "lng": 80.9433883063857,
    "city": "Lucknow"
  },
  {
    "name": "Dr. Rajesh Banerjee",
    "specialty": "Psychiatry",
    "lat": 28.720123110519356,
    "lng": 77.10549458676529,
    "city": "Delhi"
  },
  {
    "name": "Dr. Meera Patel",
    "specialty": "Psychiatry",
    "lat": 19.084617253994857,
    "lng": 72.89132032810292,
    "city": "Mumbai"
  },
  {
    "name": "Dr. Jay Chakraborty",
    "specialty": "Psychiatry",
    "lat": 28.69600999865453,
    "lng": 77.11999746833979,
    "city": "Delhi"
  },
  {
    "name": "Dr. Arjun Khan",
    "specialty": "Psychiatry",
    "lat": 19.091545201438503,
    "lng": 72.85903178252897,
    "city": "Mumbai"
  },
  {
    "name": "Dr. Nirmala Patel",
    "specialty": "Psychiatry",
    "lat": 17.402344245242595,
    "lng": 78.47795490313925,
    "city": "Hyderabad"
  },
  {
    "name": "Dr. Vikram Shah",
    "specialty": "Psychiatry",
    "lat": 26.863256327266875,
    "lng": 80.93130932087132,
    "city": "Lucknow"
  },
  {
    "name": "Dr. Aditi Kulkarni",
    "specialty": "Psychiatry",
    "lat": 19.061440183203867,
    "lng": 72.88100164855467,
    "city": "Mumbai"
  },
  {
    "name": "Dr. Hina Banerjee",
    "specialty": "Psychiatry",
    "lat": 17.378452809660857,
    "lng": 78.47266867393165,
    "city": "Hyderabad"
  },
  {
    "name": "Dr. Aditi Banerjee",
    "specialty": "Psychiatry",
    "lat": 22.56348039709878,
    "lng": 88.368873690138,
    "city": "Kolkata"
  },
  {
    "name": "Dr. Priya Khan",
    "specialty": "Psychiatry",
    "lat": 17.398350678574648,
    "lng": 78.50328222843868,
    "city": "Hyderabad"
  },
  {
    "name": "Dr. Manish Sharma",
    "specialty": "Psychiatry",
    "lat": 28.687801896275694,
    "lng": 77.09100682532717,
    "city": "Delhi"
  },
  {
    "name": "Dr. Anil Das",
    "specialty": "Psychiatry",
    "lat": 12.96297092541871,
    "lng": 77.59394297981584,
    "city": "Bengaluru"
  },
  {
    "name": "Dr. Farheen Sengupta",
    "specialty": "Psychiatry",
    "lat": 19.090437110972466,
    "lng": 72.89655101044946,
    "city": "Mumbai"
  },
  {
    "name": "Dr. Rohan Verma",
    "specialty": "Psychiatry",
    "lat": 12.97160649681685,
    "lng": 77.58443414600974,
    "city": "Bengaluru"
  },
  {
    "name": "Dr. Sunita Das",
    "specialty": "Psychiatry",
    "lat": 26.856111438314993,
    "lng": 80.94657987920917,
    "city": "Lucknow"
  },
  {
    "name": "Dr. Rupal Verma",
    "specialty": "Psychiatry",
    "lat": 23.028180782127553,
    "lng": 72.57775438134588,
    "city": "Ahmedabad"
  },
  {
    "name": "Dr. Sayan Reddy",
    "specialty": "Psychiatry",
    "lat": 23.010093569950776,
    "lng": 72.58259582827237,
    "city": "Ahmedabad"
  },
  {
    "name": "Dr. Meera Khan",
    "specialty": "Psychiatry",
    "lat": 23.03014822499184,
    "lng": 72.55262374174966,
    "city": "Ahmedabad"
  },
  {
    "name": "Dr. Rupal Khan",
    "specialty": "Psychiatry",
    "lat": 28.717655870643426,
    "lng": 77.09301148135552,
    "city": "Delhi"
  },
  {
    "name": "Dr. Sunita Rao",
    "specialty": "Psychiatry",
    "lat": 22.581489627227423,
    "lng": 88.35589924938245,
    "city": "Kolkata"
  },
  {
    "name": "Dr. Kavita Sengupta",
    "specialty": "Psychiatry",
    "lat": 26.85056624043033,
    "lng": 80.95469079716828,
    "city": "Lucknow"
  },
  {
    "name": "Dr. Rupal Chakraborty",
    "specialty": "Psychiatry",
    "lat": 18.5206947444168,
    "lng": 73.8515102996227,
    "city": "Pune"
  },
  {
    "name": "Dr. Sunita Verma",
    "specialty": "Psychiatry",
    "lat": 22.565648826446484,
    "lng": 88.38349405789512,
    "city": "Kolkata"
  },
  {
    "name": "Dr. Sunita Chakraborty",
    "specialty": "Psychiatry",
    "lat": 19.08429911761281,
    "lng": 72.88792305470574,
    "city": "Mumbai"
  },
  {
    "name": "Dr. Sayan Shah",
    "specialty": "Psychiatry",
    "lat": 22.57971178251436,
    "lng": 88.38302006437516,
    "city": "Kolkata"
  },
  {
    "name": "Dr. Rupal Ghosh",
    "specialty": "Psychiatry",
    "lat": 13.074989039453104,
    "lng": 80.27132823652752,
    "city": "Chennai"
  },
  {
    "name": "Dr. Aditi Sharma",
    "specialty": "Psychiatry",
    "lat": 23.03809800672319,
    "lng": 72.55871197649086,
    "city": "Ahmedabad"
  },
  {
    "name": "Dr. Sunita Sengupta",
    "specialty": "Psychiatry",
    "lat": 17.39626615226964,
    "lng": 78.49240530380052,
    "city": "Hyderabad"
  },
  {
    "name": "Dr. Rupal Reddy",
    "specialty": "Psychiatry",
    "lat": 17.39549734445974,
    "lng": 78.48958183015877,
    "city": "Hyderabad"
  },
  {
    "name": "Dr. Sunita Kulkarni",
    "specialty": "Psychiatry",
    "lat": 19.07407358548342,
    "lng": 72.87776351022826,
    "city": "Mumbai"
  },
  {
    "name": "Dr. Meera Kulkarni",
    "specialty": "Psychiatry",
    "lat": 13.09765245038299,
    "lng": 80.25634822955507,
    "city": "Chennai"
  },
  {
    "name": "Dr. Rohan Chakraborty",
    "specialty": "Psychiatry",
    "lat": 28.707486074975982,
    "lng": 77.1036301547205,
    "city": "Delhi"
  },
  {
    "name": "Dr. Sunita Chakraborty",
    "specialty": "Psychiatry",
    "lat": 22.588328751315203,
    "lng": 88.35356427695254,
    "city": "Kolkata"
  },
  {
    "name": "Dr. Nidhi Mehta",
    "specialty": "Psychiatry",
    "lat": 26.90203973522333,
    "lng": 75.7847501804945,
    "city": "Jaipur"
  },
  {
    "name": "Dr. Rohan Reddy",
    "specialty": "Psychiatry",
    "lat": 19.094269970317374,
    "lng": 72.89085344731397,
    "city": "Mumbai"
  },
  {
    "name": "Dr. Jay Verma",
    "specialty": "Psychiatry",
    "lat": 26.894524483976124,
    "lng": 75.78410409587119,
    "city": "Jaipur"
  },
  {
    "name": "Dr. Kavita Kulkarni",
    "specialty": "Psychiatry",
    "lat": 26.91154095268552,
    "lng": 75.79541374634164,
    "city": "Jaipur"
  },
  {
    "name": "Dr. Aditi Verma",
    "specialty": "Psychiatry",
    "lat": 19.062281578805585,
    "lng": 72.8592660872432,
    "city": "Mumbai"
  },
  {
    "name": "Dr. Nidhi Mehta",
    "specialty": "Psychiatry",
    "lat": 18.52101096515532,
    "lng": 73.85841411873555,
    "city": "Pune"
  },
  {
    "name": "Dr. Rajesh Mehta",
    "specialty": "Psychiatry",
    "lat": 28.70232256291867,
    "lng": 77.10460293913295,
    "city": "Delhi"
  },
  {
    "name": "Dr. Arjun Kulkarni",
    "specialty": "Psychiatry",
    "lat": 13.070332113791714,
    "lng": 80.2711102595467,
    "city": "Chennai"
  },
  {
    "name": "Dr. Nidhi Reddy",
    "specialty": "Psychiatry",
    "lat": 13.101746667348891,
    "lng": 80.26145255417727,
    "city": "Chennai"
  },
  {
    "name": "Dr. Priya Reddy",
    "specialty": "Psychiatry",
    "lat": 13.091429116417604,
    "lng": 80.2803692355897,
    "city": "Chennai"
  },
  {
    "name": "Dr. Nirmala Khan",
    "specialty": "Psychiatry",
    "lat": 13.085471260594588,
    "lng": 80.27602618459758,
    "city": "Chennai"
  },
  {
    "name": "Dr. Ritu Mehta",
    "specialty": "Psychiatry",
    "lat": 28.699801910460295,
    "lng": 77.09697088368185,
    "city": "Delhi"
  },
  {
    "name": "Dr. Farheen Sharma",
    "specialty": "Psychiatry",
    "lat": 22.583861983606862,
    "lng": 88.37302262088646,
    "city": "Kolkata"
  },
  {
    "name": "Dr. Kavita Rao",
    "specialty": "Psychiatry",
    "lat": 26.932229637011645,
    "lng": 75.7851638930918,
    "city": "Jaipur"
  },
  {
    "name": "Dr. Meera Kulkarni",
    "specialty": "Psychiatry",
    "lat": 17.399843911468725,
    "lng": 78.50613811155058,
    "city": "Hyderabad"
  },
  {
    "name": "Dr. Rohan Sengupta",
    "specialty": "Urology",
    "lat": 26.896195528665643,
    "lng": 75.806916562098,
    "city": "Jaipur"
  },
  {
    "name": "Dr. Rohan Sharma",
    "specialty": "Urology",
    "lat": 13.092608376314104,
    "lng": 80.2723448363606,
    "city": "Chennai"
  },
  {
    "name": "Dr. Hina Banerjee",
    "specialty": "Urology",
    "lat": 26.852362303344467,
    "lng": 80.96251731773683,
    "city": "Lucknow"
  },
  {
    "name": "Dr. Ritu Singh",
    "specialty": "Urology",
    "lat": 17.373871010788825,
    "lng": 78.46758969891667,
    "city": "Hyderabad"
  },
  {
    "name": "Dr. Latha Chakraborty",
    "specialty": "Urology",
    "lat": 28.713667539821447,
    "lng": 77.08865036781208,
    "city": "Delhi"
  },
  {
    "name": "Dr. Anirban Patel",
    "specialty": "Urology",
    "lat": 13.098396970017381,
    "lng": 80.27345260214368,
    "city": "Chennai"
  },
  {
    "name": "Dr. Jay Patel",
    "specialty": "Urology",
    "lat": 13.098738236114501,
    "lng": 80.27723269864691,
    "city": "Chennai"
  },
  {
    "name": "Dr. Nidhi Das",
    "specialty": "Urology",
    "lat": 19.060170459099606,
    "lng": 72.86871655605952,
    "city": "Mumbai"
  },
  {
    "name": "Dr. Rita Shah",
    "specialty": "Urology",
    "lat": 28.708166284031236,
    "lng": 77.08610739782014,
    "city": "Delhi"
  },
  {
    "name": "Dr. Ritu Reddy",
    "specialty": "Urology",
    "lat": 22.564402386886044,
    "lng": 88.3539828802304,
    "city": "Kolkata"
  },
  {
    "name": "Dr. Ritu Shah",
    "specialty": "Urology",
    "lat": 19.063879459224832,
    "lng": 72.88430451748347,
    "city": "Mumbai"
  },
  {
    "name": "Dr. Rita Sharma",
    "specialty": "Urology",
    "lat": 23.033572901992617,
    "lng": 72.5690436518751,
    "city": "Ahmedabad"
  },
  {
    "name": "Dr. Rupal Chakraborty",
    "specialty": "Urology",
    "lat": 19.08794625509385,
    "lng": 72.88635898928672,
    "city": "Mumbai"
  },
  {
    "name": "Dr. Nirmala Sharma",
    "specialty": "Urology",
    "lat": 26.91157581663386,
    "lng": 75.79178254665977,
    "city": "Jaipur"
  },
  {
    "name": "Dr. Hina Patel",
    "specialty": "Urology",
    "lat": 26.851009007565743,
    "lng": 80.9280946301502,
    "city": "Lucknow"
  },
  {
    "name": "Dr. Kavita Patel",
    "specialty": "Urology",
    "lat": 26.9046332718521,
    "lng": 75.7952497631404,
    "city": "Jaipur"
  },
  {
    "name": "Dr. Kavita Reddy",
    "specialty": "Urology",
    "lat": 22.576016917133963,
    "lng": 88.36465523287956,
    "city": "Kolkata"
  },
  {
    "name": "Dr. Manish Chakraborty",
    "specialty": "Urology",
    "lat": 17.390026351114972,
    "lng": 78.50196799766873,
    "city": "Hyderabad"
  },
  {
    "name": "Dr. Nirmala Mehta",
    "specialty": "Urology",
    "lat": 17.368414953591895,
    "lng": 78.50232972037,
    "city": "Hyderabad"
  },
  {
    "name": "Dr. Rajesh Patel",
    "specialty": "Urology",
    "lat": 26.922341709092734,
    "lng": 75.79818141096713,
    "city": "Jaipur"
  },
  {
    "name": "Dr. Anil Sengupta",
    "specialty": "Urology",
    "lat": 26.83983946818696,
    "lng": 80.93361925939263,
    "city": "Lucknow"
  },
  {
    "name": "Dr. Sunita Khan",
    "specialty": "Urology",
    "lat": 19.081537378396757,
    "lng": 72.88730927661862,
    "city": "Mumbai"
  },
  {
    "name": "Dr. Kavita Singh",
    "specialty": "Urology",
    "lat": 26.900964853633937,
    "lng": 75.78263450781348,
    "city": "Jaipur"
  },
  {
    "name": "Dr. Sayan Sengupta",
    "specialty": "Urology",
    "lat": 26.828907600082303,
    "lng": 80.93921111134719,
    "city": "Lucknow"
  },
  {
    "name": "Dr. Rajesh Patel",
    "specialty": "Urology",
    "lat": 28.688267532290702,
    "lng": 77.1124913400165,
    "city": "Delhi"
  },
  {
    "name": "Dr. Rajesh Banerjee",
    "specialty": "Urology",
    "lat": 22.572649283862624,
    "lng": 88.36670006230051,
    "city": "Kolkata"
  },
  {
    "name": "Dr. Rita Chakraborty",
    "specialty": "Urology",
    "lat": 22.556921394586528,
    "lng": 88.34434602507189,
    "city": "Kolkata"
  },
  {
    "name": "Dr. Farheen Sharma",
    "specialty": "Urology",
    "lat": 18.506005275769528,
    "lng": 73.86342457453739,
    "city": "Pune"
  },
  {
    "name": "Dr. Kavita Das",
    "specialty": "Urology",
    "lat": 19.09128034404953,
    "lng": 72.8593399748629,
    "city": "Mumbai"
  },
  {
    "name": "Dr. Ritu Patel",
    "specialty": "Urology",
    "lat": 28.718848046502238,
    "lng": 77.1123534305202,
    "city": "Delhi"
  },
  {
    "name": "Dr. Farheen Banerjee",
    "specialty": "Urology",
    "lat": 17.384807243062284,
    "lng": 78.47977723518011,
    "city": "Hyderabad"
  },
  {
    "name": "Dr. Rita Reddy",
    "specialty": "Urology",
    "lat": 17.37833887443694,
    "lng": 78.50448834353631,
    "city": "Hyderabad"
  },
  {
    "name": "Dr. Sneha Patel",
    "specialty": "Urology",
    "lat": 12.952854661514763,
    "lng": 77.57713397652228,
    "city": "Bengaluru"
  },
  {
    "name": "Dr. Vikram Patel",
    "specialty": "Urology",
    "lat": 23.021838617888214,
    "lng": 72.5573360422745,
    "city": "Ahmedabad"
  },
  {
    "name": "Dr. Rita Chakraborty",
    "specialty": "Urology",
    "lat": 23.020107324746927,
    "lng": 72.56017731160786,
    "city": "Ahmedabad"
  },
  {
    "name": "Dr. Jay Mehta",
    "specialty": "Urology",
    "lat": 26.90290856269286,
    "lng": 75.78009831054598,
    "city": "Jaipur"
  },
  {
    "name": "Dr. Arjun Das",
    "specialty": "Urology",
    "lat": 17.39252219245284,
    "lng": 78.47382492358642,
    "city": "Hyderabad"
  },
  {
    "name": "Dr. Rajesh Reddy",
    "specialty": "Urology",
    "lat": 12.986655394303202,
    "lng": 77.59518819833555,
    "city": "Bengaluru"
  },
  {
    "name": "Dr. Rajesh Shah",
    "specialty": "Urology",
    "lat": 12.961158687933118,
    "lng": 77.6093424779156,
    "city": "Bengaluru"
  },
  {
    "name": "Dr. Nirmala Sengupta",
    "specialty": "Urology",
    "lat": 13.074829115758849,
    "lng": 80.25259176274595,
    "city": "Chennai"
  },
  {
    "name": "Dr. Rohan Chakraborty",
    "specialty": "Urology",
    "lat": 19.05924338733348,
    "lng": 72.87948516941037,
    "city": "Mumbai"
  },
  {
    "name": "Dr. Sneha Singh",
    "specialty": "Urology",
    "lat": 17.400907676731205,
    "lng": 78.50444136108946,
    "city": "Hyderabad"
  },
  {
    "name": "Dr. Rita Sengupta",
    "specialty": "Urology",
    "lat": 18.506959561376124,
    "lng": 73.87575759109848,
    "city": "Pune"
  },
  {
    "name": "Dr. Anirban Ghosh",
    "specialty": "Urology",
    "lat": 23.017921122414165,
    "lng": 72.57703743935083,
    "city": "Ahmedabad"
  },
  {
    "name": "Dr. Sunita Patel",
    "specialty": "Urology",
    "lat": 18.52674808966971,
    "lng": 73.85554558698476,
    "city": "Pune"
  },
  {
    "name": "Dr. Meera Sharma",
    "specialty": "Urology",
    "lat": 28.69146227366247,
    "lng": 77.0988140546409,
    "city": "Delhi"
  },
  {
    "name": "Dr. Nirmala Krishnan",
    "specialty": "Urology",
    "lat": 19.07083414681331,
    "lng": 72.87787842215052,
    "city": "Mumbai"
  },
  {
    "name": "Dr. Rajesh Banerjee",
    "specialty": "Urology",
    "lat": 26.839358406829263,
    "lng": 80.95726829363153,
    "city": "Lucknow"
  },
  {
    "name": "Dr. Vikram Khan",
    "specialty": "Urology",
    "lat": 28.71338763636298,
    "lng": 77.11669142848386,
    "city": "Delhi"
  },
  {
    "name": "Dr. Hina Shah",
    "specialty": "Urology",
    "lat": 13.085561381921842,
    "lng": 80.25531581960949,
    "city": "Chennai"
  },
  {
    "name": "Dr. Rajesh Patel",
    "specialty": "Urology",
    "lat": 28.696150189055153,
    "lng": 77.1020976258016,
    "city": "Delhi"
  },
  {
    "name": "Dr. Ritu Chakraborty",
    "specialty": "Urology",
    "lat": 12.982234172881965,
    "lng": 77.58697229246259,
    "city": "Bengaluru"
  },
  {
    "name": "Dr. Vikram Reddy",
    "specialty": "Urology",
    "lat": 26.90540878458205,
    "lng": 75.77750999974178,
    "city": "Jaipur"
  },
  {
    "name": "Dr. Meera Chakraborty",
    "specialty": "Urology",
    "lat": 26.911660241464876,
    "lng": 75.77015553816598,
    "city": "Jaipur"
  },
  {
    "name": "Dr. Anil Sharma",
    "specialty": "Urology",
    "lat": 17.36897232733015,
    "lng": 78.49379557473952,
    "city": "Hyderabad"
  },
  {
    "name": "Dr. Rita Kulkarni",
    "specialty": "Urology",
    "lat": 22.557095544419475,
    "lng": 88.38097467948921,
    "city": "Kolkata"
  },
  {
    "name": "Dr. Kavita Ghosh",
    "specialty": "Urology",
    "lat": 26.911650998158066,
    "lng": 75.76828863166442,
    "city": "Jaipur"
  },
  {
    "name": "Dr. Aditi Kulkarni",
    "specialty": "Urology",
    "lat": 28.722206138039045,
    "lng": 77.11918591191669,
    "city": "Delhi"
  },
  {
    "name": "Dr. Sneha Rao",
    "specialty": "Urology",
    "lat": 26.928534884042794,
    "lng": 75.77051542253139,
    "city": "Jaipur"
  },
  {
    "name": "Dr. Meera Das",
    "specialty": "Urology",
    "lat": 23.018663815337757,
    "lng": 72.55153368024789,
    "city": "Ahmedabad"
  },
  {
    "name": "Dr. Farheen Patel",
    "specialty": "Urology",
    "lat": 26.843418874829236,
    "lng": 80.9613966735056,
    "city": "Lucknow"
  },
  {
    "name": "Dr. Priya Khan",
    "specialty": "Urology",
    "lat": 22.55535934373647,
    "lng": 88.3743713859408,
    "city": "Kolkata"
  }
]